<?xml version="1.0"?>
<PartList xmlns:xsi="http://www.w3.org/2001/XMLSchema-instance" xmlns:xsd="http://www.w3.org/2001/XMLSchema">
  <parts>
    <Part>
      <stringID>420246.GTNG_3499</stringID>
      <name>BBa_K398000</name>
      <enabled>false</enabled>
    </Part>
    <Part>
      <stringID>101510.RHA1_ro02534</stringID>
      <name>BBa_K398001</name>
      <enabled>false</enabled>
    </Part>
    <Part>
      <stringID>246196.MSMEG_1840</stringID>
      <name>BBa_K398002</name>
      <enabled>false</enabled>
    </Part>
    <Part>
      <stringID>350058.Mvan_1744</stringID>
      <name>BBa_K398003</name>
      <enabled>false</enabled>
    </Part>
    <Part>
      <stringID>101510.RHA1_ro02537</stringID>
      <name>BBa_K398004</name>
      <enabled>false</enabled>
    </Part>
    <Part>
      <stringID>235909.GK0984</stringID>
      <name>BBa_K398005</name>
      <enabled>false</enabled>
    </Part>
    <Part>
      <stringID>235909.GK2772</stringID>
      <name>BBa_K398006</name>
      <enabled>false</enabled>
    </Part>
    <Part>
      <stringID>62977.ACIAD0697</stringID>
      <name>BBa_K398200</name>
      <enabled>false</enabled>
    </Part>
    <Part>
      <stringID>160488.PP_0504</stringID>
      <name>BBa_K398201</name>
      <enabled>false</enabled>
    </Part>
    <Part>
      <stringID>399739.Pmen_0429</stringID>
      <name>BBa_K398300</name>
      <enabled>false</enabled>
    </Part>
    <Part>
      <stringID>70601.PH0527</stringID>
      <name>BBa_K398400</name>
      <enabled>true</enabled>
    </Part>
    <Part>
      <stringID>70601.PH0532</stringID>
      <name>BBa_K398401</name>
      <enabled>true</enabled>
    </Part>
  </parts>
</PartList>